id,driver_ref,given_name,family_name,nationality,date_of_birth
1,farina,Nino,Farina,Italian,1906-10-30
2,fagioli,Luigi,Fagioli,Italian,1898-06-09
3,reg_parnell,Reg,Parnell,British,1911-07-02
4,cabantous,Yves,Cabantous,French,1904-10-08
5,rosier,Louis,Rosier,French,1905-11-05
6,gerard,Bob,Gerard,British,1914-01-19
7,harrison,Cuth,Harrison,British,1906-07-06
8,etancelin,Philippe,Étancelin,French,1896-12-28
9,hampshire,David,Hampshire,British,1917-12-29
10,fry,Joe,Fry,British,1915-10-26
11,shawe_taylor,Brian,Shawe Taylor,British,1915-01-28
12,claes,Johnny,Claes,Belgian,1916-08-11
13,fangio,Juan,Fangio,Argentine,1911-06-24
14,kelly,Joe,Kelly,Irish,1913-03-13
15,bira,Prince,Bira,Thai,1914-07-15
16,murray,David,Murray,British,1909-12-28
17,crossley,Geoff,Crossley,British,1921-05-11
18,graffenried,Toulo,de Graffenried,Swiss,1914-05-18
19,chiron,Louis,Chiron,Monegasque,1899-08-03
20,martin,Eugène,Martin,French,1915-03-24
21,rolt,Tony,Rolt,British,1918-10-16
22,peter_walker,Peter,Walker,British,1912-10-07
23,leslie_johnson,Leslie,Johnson,British,1912-03-22
24,ascari,Alberto,Ascari,Italian,1918-07-13
25,sommer,Raymond,Sommer,French,1906-08-31
26,villoresi,Luigi,Villoresi,Italian,1909-05-16
27,gonzalez,José Froilán,González,Argentine,1922-10-05
28,manzon,Robert,Manzon,French,1917-04-12
29,trintignant,Maurice,Trintignant,French,1917-10-30
30,rol,Franco,Rol,Italian,1908-06-05
31,schell,Harry,Schell,American,1921-06-29
32,whitehead,Peter,Whitehead,British,1914-11-12
33,pian,Alfredo,Pián,Argentine,1912-10-21
34,parsons,Johnnie,Parsons,American,1918-07-04
35,holland,Bill,Holland,American,1907-12-18
36,rose,Mauri,Rose,American,1906-05-26
37,green,Cecil,Green,American,1919-09-30
38,bettenhausen,Tony,Bettenhausen,American,1916-09-12
39,chitwood,Joie,Chitwood,American,1912-04-14
40,wallard,Lee,Wallard,American,1910-09-07
41,faulkner,Walt,Faulkner,American,1920-02-16
42,george_connor,George,Connor,American,1906-08-16
43,paul_russo,Paul,Russo,American,1914-04-10
44,flaherty,Pat,Flaherty,American,1926-01-06
45,fohr,Myron,Fohr,American,1912-06-17
46,darter,Duane,Carter,American,1913-05-05
47,hellings,Mack,Hellings,American,1915-09-14
48,mcgrath,Jack,McGrath,American,1919-10-08
49,ruttman,Troy,Ruttman,American,1930-03-11
50,hartley,Gene,Hartley,American,1926-01-28
51,davies,Jimmy,Davies,American,1929-08-08
52,mcdowell,Johnny,McDowell,American,1915-01-29
53,walt_brown,Walt,Brown,American,1911-12-30
54,webb,Travis,Webb,American,1910-10-08
55,hoyt,Jerry,Hoyt,American,1929-01-29
56,ader,Walt,Ader,American,1913-12-15
57,holmes,Jackie,Holmes,American,1920-09-04
58,rathmann,Jim,Rathmann,American,1928-07-16
59,banks,Henry,Banks,American,1913-06-14
60,schindler,Bill,Schindler,American,1909-03-06
61,levrett,Bayliss,Levrett,American,1914-02-14
62,cantrell,Bill,Cantrell,American,1908-01-31
63,agabashian,Fred,Agabashian,American,1913-08-21
64,jackson,Jimmy,Jackson,American,1910-07-25
65,hanks,Sam,Hanks,American,1914-07-13
66,dick_rathmann,Dick,Rathmann,American,1924-01-06
67,dinsmore,Duke,Dinsmore,American,1913-04-10
68,bonetto,Felice,Bonetto,Italian,1903-06-09
69,pagani,Nello,Pagani,Italian,1911-10-11
70,branca,Toni,Branca,Swiss,1916-09-15
71,taruffi,Piero,Taruffi,Italian,1906-10-12
72,sanesi,Consalvo,Sanesi,Italian,1911-03-28
73,moss,Stirling,Moss,British,1929-09-17
74,fischer,Rudi,Fischer,Swiss,1912-04-19
75,guy_mairesse,Guy,Mairesse,French,1910-08-10
76,louveau,Henri,Louveau,French,1910-01-25
77,abecassis,George,Abecassis,British,1913-03-21
78,hirt,Peter,Hirt,Swiss,1910-03-30
79,nazaruk,Mike,Nazaruk,American,1921-10-02
80,ayulo,Manny,Ayulo,American,1921-10-20
81,linden,Andy,Linden,American,1922-04-05
82,ball,Bobby,Ball,American,1925-08-26
83,forberg,Carl,Forberg,American,1911-03-04
84,nalon,Duke,Nalon,American,1913-03-02
85,force,Gene,Force,American,1916-06-15
86,scarborough,Carl,Scarborough,American,1914-07-03
87,mackey,Bill,Mackey,American,1927-12-15
88,stevenson,Chuck,Stevenson,American,1919-10-15
89,miller,Chet,Miller,American,1902-07-19
90,ward,Rodger,Ward,American,1921-01-10
91,griffith,Cliff,Griffith,American,1916-02-06
92,vukovich,Bill,Vukovich,American,1918-12-13
93,james,Joe,James,American,1925-05-23
94,andre_pilette,André,Pilette,Belgian,1918-10-06
95,levegh,Pierre,Levegh,French,1905-12-22
96,chaboud,Eugène,Chaboud,French,1907-04-12
97,gordini,Aldo,Gordini,French,1921-05-20
98,simon,André,Simon,French,1920-01-05
99,marimon,Onofre,Marimón,Argentine,1923-12-19
100,behra,Jean,Behra,French,1921-02-16
101,wharton,Ken,Wharton,British,1916-03-21
102,alan_brown,Alan,Brown,British,1919-11-20
103,brandon,Eric,Brandon,British,1920-07-18
104,macklin,Lance,Macklin,British,1919-09-02
105,collins,Peter,Collins,British,1931-11-06
106,hans_stuck,Hans,von Stuck,German,1900-12-27
107,ulmen,Toni,Ulmen,German,1906-01-25
108,terra,Max,de Terra,Swiss,1918-10-06
109,cross,Art,Cross,American,1918-01-24
110,bryan,Jimmy,Bryan,American,1926-01-28
111,reece,Jimmy,Reece,American,1929-11-17
112,rigsby,Jim,Rigsby,American,1923-06-06
113,fonder,George,Fonder,American,1917-06-22
114,johnson,Eddie,Johnson,American,1919-02-10
115,sweikert,Bob,Sweikert,American,1926-05-20
116,bob_scott,Bob,Scott,American,1928-10-04
117,hawthorn,Mike,Hawthorn,British,1929-04-10
118,frere,Paul,Frère,Belgian,1917-01-30
119,tornaco,Charles,de Tornaco,Belgian,1927-06-07
120,laurent,Roger,Laurent,Belgian,1913-02-21
121,legat,Arthur,Legat,Belgian,1898-11-01
122,obrien,Robert,O'Brien,American,1908-04-11
123,gaze,Tony,Gaze,Australian,1920-02-03
124,charrington,Robin,Montgomerie-Charrington,British,1915-06-23
125,comotti,Franco,Comotti,Italian,1906-07-24
126,carini,Piero,Carini,Italian,1921-03-06
127,galvez,Oscar,Gálvez,Argentine,1913-08-17
128,john_barber,John,Barber,British,1929-07-22
129,menditeguy,Carlos,Menditeguy,Argentine,1914-08-10
130,birger,Pablo,Birger,Argentine,1924-01-07
131,cruz,Adolfo,Cruz,Argentine,1923-06-28
132,daywalt,Jimmy,Daywalt,American,1924-08-28
133,mccoy,Ernie,McCoy,American,1921-02-19
134,mantz,Johnny,Mantz,American,1918-09-18
135,teague,Marshall,Teague,American,1921-02-22
136,thomson,Johnny,Thomson,American,1922-04-09
137,freeland,Don,Freeland,American,1925-03-25
138,niday,Cal,Niday,American,1914-04-29
139,mcalpine,Kenneth,McAlpine,British,1920-09-21
140,mieres,Roberto,Mieres,Argentine,1924-12-03
141,salvadori,Roy,Salvadori,British,1922-05-12
142,wacker,Fred,Wacker,American,1918-07-10
143,bayol,Élie,Bayol,French,1914-02-28
144,maglioli,Umberto,Maglioli,Italian,1928-06-05
145,loyer,Roger,Loyer,French,1907-08-05
146,daponte,Jorge,Daponte,Argentine,1923-06-05
147,musso,Luigi,Musso,Italian,1924-07-28
148,crockett,Larry,Crockett,American,1926-10-23
149,elisian,Ed,Elisian,American,1926-12-09
150,armi,Frank,Armi,American,1918-10-12
151,connor,Pat,O'Connor,American,1928-10-09
152,kladis,Danny,Kladis,American,1917-02-10
153,duncan,Len,Duncan,American,1911-07-25
154,homeier,Bill,Homeier,American,1918-08-31
155,mantovani,Sergio,Mantovani,Italian,1929-05-22
156,swaters,Jacques,Swaters,American,1926-10-30
157,kling,Karl,Kling,German,1910-09-16
158,herrmann,Hans,Herrmann,German,1928-02-23
159,bucci,Clemar,Bucci,Argentine,1920-09-04
160,iglesias,Jesús,Iglesias,Argentine,1922-02-22
161,castellotti,Eugenio,Castellotti,Italian,1930-10-10
162,uria,Alberto,Uria,Uruguayan,1924-07-11
163,perdisa,Cesare,Perdisa,Italian,1932-10-21
164,pollet,Jacques,Pollet,French,1922-07-02
165,herman,Al,Herman,American,1927-03-15
166,weyant,Chuck,Weyant,American,1923-04-03
167,templeman,Shorty,Templeman,American,1919-08-12
168,andrews,Keith,Andrews,American,1920-06-15
169,russo,Eddie,Russo,American,1925-11-19
170,ray_crawford,Ray,Crawford,American,1915-10-26
171,keller,Al,Keller,American,1920-04-11
172,boyd,Johnny,Boyd,American,1926-08-19
173,landi,Chico,Landi,Brazilian,1907-07-14
174,gerini,Gerino,Gerini,Italian,1928-08-10
175,gendebien,Olivier,Gendebien,Belgian,1924-01-12
176,oscar_gonzalez,Óscar,González,Uruguayan,1923-11-10
177,piotti,Luigi,Piotti,Italian,1913-10-27
178,ramos,Hernando,da Silva Ramos,Brazilian,1925-12-07
179,gould,Horace,Gould,British,1918-09-20
180,brooks,Tony,Brooks,British,1932-02-25
181,veith,Bob,Veith,American,1926-11-01
182,christie,Bob,Christie,American,1924-04-04
183,garrett,Billy,Garrett,American,1933-04-24
184,tolan,Johnnie,Tolan,American,1917-10-22
185,turner,Jack,Turner,American,1920-02-12
186,scotti,Piero,Scotti,Italian,1909-11-11
187,godia,Paco,Godia,Spanish,1921-03-21
188,portago,Alfonso,de Portago,Spanish,1928-10-11
189,trips,Wolfgang,von Trips,German,1928-05-04
190,bonnier,Jo,Bonnier,Swedish,1930-01-31
191,tomaso,Alessandro,de Tomaso,Argentine,1928-07-10
192,gregory,Masten,Gregory,American,1932-02-29
193,lewis-evans,Stuart,Lewis-Evans,British,1930-04-20
194,jack_brabham,Jack,Brabham,Australian,1926-04-02
195,scarlatti,Giorgio,Scarlatti,Italian,1921-10-02
196,flockhart,Ron,Flockhart,British,1923-06-16
197,bueb,Ivor,Bueb,British,1923-06-06
198,edmunds,Don,Edmunds,American,1930-09-23
199,sachs,Eddie,Sachs,American,1927-05-28
200,magill,Mike,Magill,American,1920-02-08
201,cheesbourg,Bill,Cheesbourg,American,1927-06-12
202,george,Elmer,George,American,1928-07-15
203,macdowel,Mike,MacDowel,British,1932-09-13
204,mackay-fraser,Herbert,MacKay-Fraser,American,1927-06-23
205,allison,Cliff,Allison,British,1932-02-08
206,hill,Graham,Hill,British,1929-02-15
207,beaufort,Carel Godin,de Beaufort,Dutch,1934-04-10
208,george_amick,George,Amick,American,1924-10-24
209,larson,Jud,Larson,American,1923-01-21
210,dempsey_wilson,Dempsey,Wilson,American,1927-03-11
211,foyt,Anthony,Foyt,American,1935-01-16
212,goldsmith,Paul,Goldsmith,American,1925-10-02
213,jerry_unser,Jerry,Unser,American,1932-11-15
214,sutton,Len,Sutton,American,1925-08-09
215,bisch,Art,Bisch,American,1926-11-10
216,filippis,Maria,de Filippis,Italian,1926-11-11
217,seidel,Wolfgang,Seidel,German,1926-07-04
218,phil_hill,Phil,Hill,American,1927-04-20
219,mclaren,Bruce,McLaren,New Zealander,1937-08-30
220,halford,Bruce,Halford,British,1931-05-18
221,arnold,Chuck,Arnold,American,1926-05-30
222,mcwithey,Jim,McWithey,American,1927-07-04
223,branson,Don,Branson,American,1920-06-02
224,grim,Bobby,Grim,American,1924-09-04
225,amick,Red,Amick,American,1929-01-19
226,ireland,Innes,Ireland,British,1930-06-12
227,shelby,Carroll,Shelby,American,1923-01-11
228,orey,Fritz,d'Orey,Brazilian,1938-03-25
229,gurney,Dan,Gurney,American,1931-04-13
230,burgess,Ian,Burgess,British,1930-07-06
231,davis,Colin,Davis,British,1933-07-29
232,fontes,Azdrubal,Fontes,Uruguayan,1922-12-26
233,stacey,Alan,Stacey,British,1933-08-29
234,bristow,Chris,Bristow,British,1937-12-02
235,henry_taylor,Henry,Taylor,British,1932-12-16
236,ashdown,Peter,Ashdown,British,1934-10-16
237,larreta,Alberto Rodriguez,Larreta,Argentine,1934-01-14
238,bonomi,Roberto,Bonomi,Argentine,1919-09-30
239,munaron,Gino,Munaron,Italian,1928-04-02
240,estefano,Nasif,Estéfano,Argentine,1932-11-18
241,chimeri,Ettore,Chimeri,Venezuelan,1921-06-04
242,creus,Antonio,Creus,Spanish,1924-10-28
243,ginther,Richie,Ginther,American,1930-08-05
244,surtees,John,Surtees,British,1934-02-11
245,ruby,Lloyd,Ruby,American,1928-01-12
246,tingelstad,Bud,Tingelstad,American,1928-04-04
247,hurtubise,Jim,Hurtubise,American,1932-12-05
248,weiler,Wayne,Weiler,American,1934-12-09
249,clark,Jim,Clark,British,1936-03-04
250,reventlow,Lance,Reventlow,American,1936-02-24
251,daigh,Chuck,Daigh,American,1923-11-29
252,bianchi,Lucien,Bianchi,Belgian,1934-11-10
253,may,Michael,May,Swiss,1934-08-18
254,trevor_taylor,Trevor,Taylor,British,1936-12-26
255,lewis,Jackie,Lewis,British,1936-11-01
256,bandini,Lorenzo,Bandini,Italian,1935-12-21
257,mairesse,Willy,Mairesse,Belgian,1928-10-01
258,marsh,Tony,Marsh,British,1931-07-20
259,baghetti,Giancarlo,Baghetti,Italian,1934-12-25
260,collomb,Bernard,Collomb,French,1930-10-07
261,bordeu,Juan Manuel,Bordeu,Argentine,1934-01-28
262,naylor,Brian,Naylor,British,1923-03-24
263,maggs,Tony,Maggs,South African,1937-02-09
264,ricardo_rodriguez,Ricardo,Rodríguez,Mexican,1942-02-14
265,pon,Ben,Pon,Dutch,1936-12-09
266,slotemaker,Rob,Slotemaker,Dutch,1929-06-13
267,bussinello,Roberto,Bussinello,Italian,1927-10-04
268,siffert,Jo,Siffert,Swiss,1936-07-07
269,campbell-jones,John,Campbell-Jones,British,1930-01-21
270,ashmore,Gerry,Ashmore,British,1936-07-25
271,schiller,Heinz,Schiller,Swiss,1930-01-25
272,arundell,Peter,Arundell,British,1933-11-08
273,abate,Carlo,Abate,Italian,1932-07-10
274,settember,Tony,Settember,American,1926-07-10
275,hall,Jim,Hall,American,1935-07-23
276,amon,Chris,Amon,New Zealander,1943-07-20
277,scarfiotti,Ludovico,Scarfiotti,Italian,1933-10-18
278,mitter,Gerhard,Mitter,German,1935-08-30
279,hailwood,Mike,Hailwood,British,1940-04-02
280,anderson,Bob,Anderson,British,1931-05-19
281,revson,Peter,Revson,American,1939-02-27
282,spence,Mike,Spence,British,1936-12-30
283,taylor,John,Taylor,British,1933-03-23
284,raby,Ian,Raby,British,1921-09-22
285,gardner,Frank,Gardner,Australian,1930-10-01
286,attwood,Richard,Attwood,British,1940-04-04
287,stewart,Jackie,Stewart,British,1939-06-11
288,hawkins,Paul,Hawkins,Australian,1937-10-12
289,klerk,Peter,de Klerk,South African,1935-03-16
290,tingle,Sam,Tingle,Rhodesian,1921-08-24
291,prophet,David,Prophet,British,1937-10-09
292,rindt,Jochen,Rindt,Austrian,1942-04-18
293,love,John,Love,Rhodesian,1924-12-07
294,reed,Ray,Reed,South African,1932-04-30
295,clapham,David,Clapham,South African,1931-05-18
296,blignaut,Alex,Blignaut,South African,1932-11-30
297,hulme,Denny,Hulme,New Zealander,1936-06-18
298,bucknum,Ronnie,Bucknum,American,1936-04-05
299,rhodes,John,Rhodes,British,1927-08-18
300,bondurant,Bob,Bondurant,American,1933-04-27
301,ligier,Guy,Ligier,French,1930-07-12
302,vic_wilson,Vic,Wilson,British,1931-04-14
303,parkes,Mike,Parkes,British,1931-09-24
304,rodriguez,Pedro,Rodríguez,Mexican,1940-01-18
305,irwin,Chris,Irwin,British,1942-06-27
306,lawrence,Chris,Lawrence,British,1933-07-27
307,charlton,Dave,Charlton,South African,1936-10-27
308,botha,Luki,Botha,South African,1930-01-16
309,courage,Piers,Courage,British,1942-05-27
310,gavin,Johnny,Servoz-Gavin,French,1942-01-18
311,hobbs,David,Hobbs,British,1939-06-09
312,rees,Alan,Rees,British,1938-01-12
313,moser,Silvio,Moser,Swiss,1941-04-24
314,beltoise,Jean-Pierre,Beltoise,French,1937-04-26
315,pretorius,Jackie,Pretorius,South African,1934-11-22
316,ickx,Jacky,Ickx,Belgian,1945-01-01
317,rooyen,Basil,van Rooyen,South African,1939-04-19
318,adamich,Andrea,de Adamich,Italian,1941-10-03
319,redman,Brian,Redman,British,1937-03-09
320,oliver,Jackie,Oliver,British,1942-08-14
321,elford,Vic,Elford,British,1935-06-10
322,mario_andretti,Mario,Andretti,American,1940-02-28
323,miles,John,Miles,British,1943-06-14
324,bell,Derek,Bell,British,1941-10-31
325,pescarolo,Henri,Pescarolo,French,1942-09-25
326,eaton,George,Eaton,Canadian,1945-11-12
327,stommelen,Rolf,Stommelen,German,1943-07-11
328,peterson,Ronnie,Peterson,Swedish,1944-02-14
329,giunti,Ignazio,Giunti,Italian,1941-08-30
330,regazzoni,Clay,Regazzoni,Swiss,1939-09-05
331,cevert,François,Cevert,French,1944-02-25
332,gethin,Peter,Gethin,British,1940-02-21
333,wisell,Reine,Wisell,Swedish,1941-09-30
334,emerson_fittipaldi,Emerson,Fittipaldi,Brazilian,1946-12-12
335,ganley,Howden,Ganley,New Zealander,1941-12-24
336,roig,Alex,Soler-Roig,Spanish,1932-10-29
337,schenken,Tim,Schenken,Australian,1943-09-26
338,lennep,Gijs,van Lennep,Dutch,1942-03-16
339,barber,Skip,Barber,American,1936-11-16
340,walker,David,Walker,Australian,1941-06-10
341,reutemann,Carlos,Reutemann,Argentine,1942-04-12
342,marko,Helmut,Marko,Austrian,1943-04-27
343,lauda,Niki,Lauda,Austrian,1949-02-22
344,pace,Carlos,Pace,Brazilian,1944-10-06
345,wilson_fittipaldi,Wilson,Fittipaldi,Brazilian,1943-12-25
346,beuttler,Mike,Beuttler,British,1940-04-13
347,merzario,Arturo,Merzario,Italian,1943-03-11
348,jarier,Jean-Pierre,Jarier,French,1946-07-10
349,galli,Nanni,Galli,Italian,1940-10-02
350,bueno,Luiz,Bueno,Brazilian,1937-01-16
351,follmer,George,Follmer,American,1934-01-27
352,scheckter,Jody,Scheckter,South African,1950-01-29
353,keizan,Eddie,Keizan,South African,1944-09-12
354,depailler,Patrick,Depailler,French,1944-08-09
355,edwards,Guy,Edwards,British,1942-12-30
356,watson,John,Watson,British,1946-05-04
357,robarts,Richard,Robarts,British,1944-09-22
358,stuck,Hans-Joachim,Stuck,German,1951-01-01
359,migault,François,Migault,French,1944-12-04
360,hunt,James,Hunt,British,1947-08-29
361,mass,Jochen,Mass,German,1946-09-30
362,brambilla,Vittorio,Brambilla,Italian,1937-11-11
363,ian_scheckter,Ian,Scheckter,South African,1947-08-22
364,driver,Paddy,Driver,South African,1934-05-13
365,belso,Tom,Belsø,Danish,1942-08-27
366,opel,Rikky,von Opel,Liechtensteiner,1947-10-14
367,donohue,Mark,Donohue,American,1937-03-18
368,pryce,Tom,Pryce,British,1949-06-11
369,wilds,Mike,Wilds,British,1946-01-07
370,laffite,Jacques,Laffite,French,1943-11-21
371,tunmer,Guy,Tunmer,South African,1948-12-01
372,evans,Bob,Evans,British,1947-06-11
373,lombardi,Lella,Lombardi,Italian,1941-03-26
374,brise,Tony,Brise,British,1952-03-28
375,wunderink,Roelof,Wunderink,Dutch,1948-12-12
376,jones,Alan,Jones,Australian,1946-11-02
377,zorzi,Renzo,Zorzi,Italian,1946-12-12
378,hoffmann,Ingo,Hoffmann,Brazilian,1953-02-28
379,ashley,Ian,Ashley,British,1947-10-26
380,lunger,Brett,Lunger,American,1945-11-14
381,leclere,Michel,Leclère,French,1946-03-18
382,ertl,Harald,Ertl,Austrian,1948-08-31
383,nilsson,Gunnar,Nilsson,Swedish,1948-11-20
384,perkins,Larry,Perkins,Australian,1950-03-18
385,ribeiro,Alex,Ribeiro,Brazilian,1948-11-07
386,binder,Hans,Binder,Austrian,1948-06-12
387,hayje,Boy,Lunger,Dutch,1949-05-03
388,henton,Brian,Henton,British,1946-09-19
389,neve,Patrick,Nève,Belgian,1949-10-13
390,tambay,Patrick,Tambay,French,1949-06-25
391,gilles_villeneuve,Gilles,Villeneuve,Canadian,1950-01-18
392,pironi,Didier,Pironi,French,1952-03-26
393,ongais,Danny,Ongais,American,1942-05-21
394,leoni,Lamberto,Leoni,Italian,1953-05-24
395,keegan,Rupert,Keegan,British,1955-02-26
396,patrese,Riccardo,Patrese,Italian,1954-04-17
397,rebaque,Hector,Rebaque,Mexican,1956-02-05
398,jabouille,Jean-Pierre,Jabouille,French,1942-10-01
399,keke_rosberg,Keke,Rosberg,Finnish,1948-12-06
400,cheever,Eddie,Cheever,American,1958-01-10
401,angelis,Elio,de Angelis,Italian,1958-03-26
402,daly,Derek,Daly,Irish,1953-03-11
403,lammers,Jan,Lammers,Dutch,1956-06-02
404,arnoux,René,Arnoux,French,1948-07-04
405,piquet,Nelson,Piquet,Brazilian,1952-08-17
406,giacomelli,Bruno,Giacomelli,Italian,1952-09-10
407,prost,Alain,Prost,French,1955-02-24
408,zunino,Ricardo,Zunino,Argentine,1949-04-13
409,surer,Marc,Surer,Swiss,1951-09-18
410,lees,Geoff,Lees,British,1951-05-01
411,serra,Chico,Serra,Brazilian,1957-02-03
412,gabbiani,Beppe,Gabbiani,Italian,1957-01-02
413,mansell,Nigel,Mansell,British,1953-08-08
414,cesaris,Andrea,de Cesaris,Italian,1959-05-31
415,stohr,Siegfried,Stohr,Italian,1952-10-10
416,londono,Ricardo,Londoño,Colombian,1949-08-08
417,borgudd,Slim,Borgudd,Swedish,1946-11-25
418,salazar,Eliseo,Salazar,Chilean,1954-11-14
419,alboreto,Michele,Alboreto,Italian,1956-12-23
420,guerra,Miguel Ángel,Guerra,Argentine,1953-08-31
421,manfred_winkelhock,Manfred,Winkelhock,German,1951-10-06
422,boesel,Raul,Boesel,Brazilian,1957-12-04
423,warwick,Derek,Warwick,British,1954-08-27
424,baldi,Mauro,Baldi,Italian,1954-01-31
425,guerrero,Roberto,Guerrero,Colombian,1958-11-16
426,fabi,Teo,Fabi,Italian,1955-03-09
427,paletti,Riccardo,Paletti,Italian,1958-06-15
428,sullivan,Danny,Sullivan,American,1950-03-09
429,cecotto,Johnny,Cecotto,Venezuelan,1956-01-25
430,corrado_fabi,Corrado,Fabi,Italian,1961-04-12
431,boutsen,Thierry,Boutsen,Belgian,1957-07-13
432,palmer,Jonathan,Palmer,British,1956-11-07
433,brundle,Martin,Brundle,British,1959-06-01
434,ghinzani,Piercarlo,Ghinzani,Italian,1952-01-16
435,hesnault,François,Hesnault,French,1956-12-30
436,alliot,Philippe,Alliot,French,1954-07-27
437,bellof,Stefan,Bellof,German,1957-11-20
438,senna,Ayrton,Senna,Brazilian,1960-03-21
439,gartner,Jo,Gartner,Austrian,1954-01-24
440,johansson,Stefan,Johansson,Swedish,1956-09-08
441,berger,Gerhard,Berger,Austrian,1959-08-27
442,martini,Pierluigi,Martini,Italian,1961-04-23
443,streiff,Philippe,Streiff,French,1955-06-26
444,dumfries,Johnny,Dumfries,British,1958-04-26
445,danner,Christian,Danner,German,1958-04-04
446,nannini,Alessandro,Nannini,Italian,1959-07-07
447,rothengatter,Huub,Rothengatter,Dutch,1954-10-08
448,satoru_nakajima,Satoru,Nakajima,Japanese,1953-02-23
449,fabre,Pascal,Fabre,French,1960-01-09
450,caffi,Alex,Caffi,Italian,1964-03-18
451,campos,Adrián,Campos,Spanish,1960-06-17
452,capelli,Ivan,Capelli,Italian,1963-05-24
453,tarquini,Gabriele,Tarquini,Italian,1962-03-02
454,sala,Luis,Pérez-Sala,Spanish,1959-05-15
455,dalmas,Yannick,Dalmas,French,1961-07-28
456,modena,Stefano,Modena,Italian,1963-05-12
457,gugelmin,Maurício,Gugelmin,Brazilian,1963-04-20
458,larrauri,Oscar,Larrauri,Argentine,1954-08-19
459,bailey,Julian,Bailey,British,1961-10-09
460,larini,Nicola,Larini,Italian,1964-03-19
461,herbert,Johnny,Herbert,British,1964-06-25
462,grouillard,Olivier,Grouillard,French,1958-09-02
463,schneider,Bernd,Schneider,German,1964-07-20
464,moreno,Roberto,Moreno,Brazilian,1959-02-11
465,raphanel,Pierre-Henri,Raphanel,French,1961-05-27
466,alesi,Jean,Alesi,French,1964-06-11
467,bernard,Éric,Bernard,French,1964-08-24
468,barilla,Paolo,Barilla,Italian,1961-04-20
469,suzuki,Aguri,Suzuki,Japanese,1960-09-08
470,foitek,Gregor,Foitek,Swiss,1965-03-27
471,donnelly,Martin,Donnelly,British,1964-03-26
472,morbidelli,Gianni,Morbidelli,Italian,1968-01-13
473,lehto,Jyrki,Järvilehto,Finnish,1966-01-31
474,pirro,Emanuele,Pirro,Italian,1962-01-12
475,brabham,David,Brabham,Australian,1965-09-05
476,gachot,Bertrand,Gachot,Belgian,1962-12-23
477,hakkinen,Mika,Häkkinen,Finnish,1968-09-28
478,blundell,Mark,Blundell,British,1966-04-08
479,comas,Érik,Comas,French,1963-09-28
480,poele,Eric,van de Poele,Belgian,1961-09-30
481,michael_schumacher,Michael,Schumacher,German,1969-01-03
482,katayama,Ukyo,Katayama,Japanese,1963-05-29
483,fittipaldi,Christian,Fittipaldi,Brazilian,1971-01-18
484,wendlinger,Karl,Wendlinger,Austrian,1968-12-20
485,chiesa,Andrea,Chiesa,Swiss,1964-05-06
486,belmondo,Paul,Belmondo,French,1963-04-23
487,barrichello,Rubens,Barrichello,Brazilian,1972-05-23
488,barbazza,Fabrizio,Barbazza,Italian,1963-04-02
489,badoer,Luca,Badoer,Italian,1971-01-25
490,damon_hill,Damon,Hill,British,1960-09-17
491,zanardi,Alessandro,Zanardi,Italian,1966-10-23
492,andretti,Michael,Andretti,American,1962-10-05
493,lamy,Pedro,Lamy,Portuguese,1972-03-20
494,panis,Olivier,Panis,French,1966-09-02
495,irvine,Eddie,Irvine,British,1965-11-10
496,verstappen,Jos,Verstappen,Dutch,1972-03-04
497,frentzen,Heinz-Harald,Frentzen,German,1967-05-18
498,beretta,Olivier,Beretta,Monegasque,1969-11-23
499,ratzenberger,Roland,Ratzenberger,Austrian,1960-07-04
500,coulthard,David,Coulthard,British,1971-03-27
501,salo,Mika,Salo,Finnish,1966-11-30
502,montermini,Andrea,Montermini,Italian,1964-05-30
503,diniz,Pedro,Diniz,Brazilian,1970-05-22
504,inoue,Taki,Inoue,Japanese,1963-09-05
505,schiattarella,Domenico,Schiattarella,Italian,1967-11-17
506,villeneuve,Jacques,Villeneuve,Canadian,1971-04-09
507,rosset,Ricardo,Rosset,Brazilian,1968-07-27
508,fisichella,Giancarlo,Fisichella,Italian,1973-01-14
509,marques,Tarso,Marques,Brazilian,1976-01-19
510,nakano,Shinji,Nakano,Japanese,1971-04-01
511,trulli,Jarno,Trulli,Italian,1974-07-13
512,magnussen,Jan,Magnussen,Danish,1973-07-04
513,ralf_schumacher,Ralf,Schumacher,German,1975-06-30
514,wurz,Alexander,Wurz,Austrian,1974-02-15
515,tuero,Esteban,Tuero,Argentine,1978-04-22
516,takagi,Toranosuke,Takagi,Japanese,1974-02-12
517,rosa,Pedro,de la Rosa,Spanish,1971-02-24
518,zonta,Ricardo,Zonta,Brazilian,1976-03-23
519,gene,Marc,Gené,Spanish,1974-03-29
520,sarrazin,Stéphane,Sarrazin,French,1975-11-02
521,heidfeld,Nick,Heidfeld,German,1977-05-10
522,button,Jenson,Button,British,1980-01-19
523,mazzacane,Gastón,Mazzacane,Argentine,1975-05-08
524,raikkonen,Kimi,Räikkönen,Finnish,1979-10-17
525,burti,Luciano,Burti,Brazilian,1975-03-05
526,alonso,Fernando,Alonso,Spanish,1981-07-29
527,montoya,Juan,Pablo Montoya,Colombian,1975-09-20
528,bernoldi,Enrique,Bernoldi,Brazilian,1978-10-19
529,webber,Mark,Webber,Australian,1976-08-27
530,yoong,Alex,Yoong,Malaysian,1976-07-20
531,sato,Takuma,Sato,Japanese,1977-01-28
532,massa,Felipe,Massa,Brazilian,1981-04-25
533,mcnish,Allan,McNish,British,1969-12-29
534,pizzonia,Antônio,Pizzonia,Brazilian,1980-09-11
535,wilson,Justin,Wilson,British,1978-07-31
536,matta,Cristiano,da Matta,Brazilian,1973-09-19
537,firman,Ralph,Firman,Irish,1975-05-20
538,klien,Christian,Klien,Austrian,1983-02-07
539,pantano,Giorgio,Pantano,Italian,1979-02-04
540,bruni,Gianmaria,Bruni,Italian,1981-05-30
541,baumgartner,Zsolt,Baumgartner,Hungarian,1981-01-01
542,karthikeyan,Narain,Karthikeyan,Indian,1977-01-14
543,monteiro,Tiago,Monteiro,Portuguese,1976-07-24
544,friesacher,Patrick,Friesacher,Austrian,1980-09-26
545,albers,Christijan,Albers,Dutch,1979-04-16
546,davidson,Anthony,Davidson,British,1979-04-18
547,liuzzi,Vitantonio,Liuzzi,Italian,1980-08-06
548,rosberg,Nico,Rosberg,German,1985-06-27
549,speed,Scott,Speed,American,1983-01-24
550,ide,Yuji,Ide,Japanese,1975-01-21
551,hamilton,Lewis,Hamilton,British,1985-01-07
552,kovalainen,Heikki,Kovalainen,Finnish,1981-10-19
553,sutil,Adrian,Sutil,German,1983-01-11
554,kubica,Robert,Kubica,Polish,1984-12-07
555,nakajima,Kazuki,Nakajima,Japanese,1985-01-11
556,bourdais,Sébastien,Bourdais,French,1979-02-28
557,glock,Timo,Glock,German,1982-03-18
558,piquet_jr,Nelson,Piquet Jr.,Brazilian,1985-07-25
559,vettel,Sebastian,Vettel,German,1987-07-03
560,buemi,Sébastien,Buemi,Swiss,1988-10-31
561,alguersuari,Jaime,Alguersuari,Spanish,1990-03-23
562,hulkenberg,Nico,Hülkenberg,German,1987-08-19
563,bruno_senna,Bruno,Senna,Brazilian,1983-10-15
564,petrov,Vitaly,Petrov,Russian,1984-09-08
565,kobayashi,Kamui,Kobayashi,Japanese,1986-09-13
566,grassi,Lucas,di Grassi,Brazilian,1984-08-11
567,chandhok,Karun,Chandhok,Indian,1984-01-19
568,resta,Paul,di Resta,British,1986-04-16
569,ambrosio,Jérôme,d'Ambrosio,Belgian,1985-12-27
570,maldonado,Pastor,Maldonado,Venezuelan,1985-03-09
571,perez,Sergio,Pérez,Mexican,1990-01-26
572,ricciardo,Daniel,Ricciardo,Australian,1989-07-01
573,vergne,Jean-Éric,Vergne,French,1990-04-25
574,pic,Charles,Pic,French,1990-02-15
575,grosjean,Romain,Grosjean,French,1986-04-17
576,gutierrez,Esteban,Gutiérrez,Mexican,1991-08-05
577,bottas,Valtteri,Bottas,Finnish,1989-08-28
578,jules_bianchi,Jules,Bianchi,French,1989-08-03
579,chilton,Max,Chilton,British,1991-04-21
580,garde,Giedo,van der Garde,Dutch,1985-04-25
581,kevin_magnussen,Kevin,Magnussen,Danish,1992-10-05
582,kvyat,Daniil,Kvyat,Russian,1994-04-26
583,ericsson,Marcus,Ericsson,Swedish,1990-09-02
584,nasr,Felipe,Nasr,Brazilian,1992-08-21
585,sainz,Carlos,Sainz,Spanish,1994-09-01
586,max_verstappen,Max,Verstappen,Dutch,1997-09-30
587,merhi,Roberto,Merhi,Spanish,1991-03-22
588,stevens,Will,Stevens,British,1991-06-28
589,jolyon_palmer,Jolyon,Palmer,British,1991-01-20
590,wehrlein,Pascal,Wehrlein,German,1994-10-18
591,haryanto,Rio,Haryanto,Indonesian,1993-01-22
592,vandoorne,Stoffel,Vandoorne,Belgian,1992-03-26
593,ocon,Esteban,Ocon,French,1996-09-17
594,giovinazzi,Antonio,Giovinazzi,Italian,1993-12-14
595,stroll,Lance,Stroll,Canadian,1998-10-29
596,leclerc,Charles,Leclerc,Monegasque,1997-10-16
597,brendon_hartley,Brendon,Hartley,New Zealander,1989-11-10
598,gasly,Pierre,Gasly,French,1996-02-07
599,sirotkin,Sergey,Sirotkin,Russian,1995-08-27
600,norris,Lando,Norris,British,1999-11-13
601,albon,Alexander,Albon,Thai,1996-03-23
602,russell,George,Russell,British,1998-02-15
603,latifi,Nicholas,Latifi,Canadian,1995-06-29
604,tsunoda,Yuki,Tsunoda,Japanese,2000-05-11
605,mick_schumacher,Mick,Schumacher,German,1999-03-22
606,mazepin,Nikita,Mazepin,Russian,1999-03-02
607,zhou,Guanyu,Zhou,Chinese,1999-05-30
608,sargeant,Logan,Sargeant,American,2000-12-31
609,de_vries,Nyck,de Vries,Dutch,1995-02-06
610,piastri,Oscar,Piastri,Australian,2001-04-06
611,bearman,Oliver,Bearman,British,2005-05-08
612,antonelli,Andrea Kimi,Antonelli,Italian,2006-08-25
613,lawson,Liam,Lawson,New Zealander,2002-02-11
614,bortoleto,Gabriel,Bortoleto,Brazilian,2004-10-14
615,doohan,Jack,Doohan,Australian,2003-01-20
616,hadjar,Isack,Hadjar,French,2004-09-28
